country,iso2,iso3,iso_numeric,year,measure,unit,age_group,sex,risk_factor,best,lo,hi,sex_encoded,age_group_encoded,sex_label,age_group_label,risk_factor_encoded,risk_factor_label
Burundi,BI,BDI,108,2022,inc,num,0-14,a,all,1200,650,1800,2,1,All,0-14,6,All
Burundi,BI,BDI,108,2022,inc,num,0-14,f,all,580,220,950,0,1,Female,0-14,6,All
Burundi,BI,BDI,108,2022,inc,num,0-14,m,all,630,230,1000,1,1,Male,0-14,6,All
Burundi,BI,BDI,108,2022,inc,num,0-14,f,all,280,0,670,0,1,Female,0-14,6,All
Burundi,BI,BDI,108,2022,inc,num,0-14,m,all,330,0,800,1,1,Male,0-14,6,All
Burundi,BI,BDI,108,2022,inc,num,15-24,f,all,700,0,1700,0,2,Female,15-24,6,All
Burundi,BI,BDI,108,2022,inc,num,15-24,m,all,1000,0,2500,1,2,Male,15-24,6,All
Burundi,BI,BDI,108,2022,inc,num,15-24,a,alc,1500,190,4200,2,2,All,15-24,3,Alcohol
Burundi,BI,BDI,108,2022,inc,num,15-24,a,all,11000,6100,16000,2,2,All,15-24,6,All
Burundi,BI,BDI,108,2022,inc,num,15-24,a,smk,510,28,1700,2,2,All,15-24,2,Smoking
Burundi,BI,BDI,108,2022,inc,num,15-24,f,alc,210,12,670,0,2,Female,15-24,3,Alcohol
Burundi,BI,BDI,108,2022,inc,num,15-24,f,all,4100,1500,6700,0,2,Female,15-24,6,All
Burundi,BI,BDI,108,2022,inc,num,15-24,f,smk,46,1,170,0,2,Female,15-24,2,Smoking
Burundi,BI,BDI,108,2022,inc,num,15-24,m,alc,1500,120,4600,1,2,Male,15-24,3,Alcohol
Burundi,BI,BDI,108,2022,inc,num,15-24,m,all,7200,2700,12000,1,2,Male,15-24,6,All
Burundi,BI,BDI,108,2022,inc,num,15-24,m,smk,550,17,2000,1,2,Male,15-24,2,Smoking
Burundi,BI,BDI,108,2022,inc,num,15-24,a,dia,230,17,710,2,2,All,15-24,4,Diabetes
Burundi,BI,BDI,108,2022,inc,num,15-24,f,dia,82,1,310,0,2,Female,15-24,4,Diabetes
Burundi,BI,BDI,108,2022,inc,num,15-24,m,dia,150,2,570,1,2,Male,15-24,4,Diabetes
Burundi,BI,BDI,108,2022,inc,num,25-34,f,all,950,0,2300,0,3,Female,25-34,6,All
Burundi,BI,BDI,108,2022,inc,num,25-34,m,all,1700,0,4100,1,3,Male,25-34,6,All
Burundi,BI,BDI,108,2022,inc,num,35-44,f,all,1000,0,2500,0,4,Female,35-44,6,All
Burundi,BI,BDI,108,2022,inc,num,35-44,m,all,1800,0,4300,1,4,Male,35-44,6,All
Burundi,BI,BDI,108,2022,inc,num,45-54,f,all,590,0,1500,0,5,Female,45-54,6,All
Burundi,BI,BDI,108,2022,inc,num,45-54,m,all,1200,0,2900,1,5,Male,45-54,6,All
Burundi,BI,BDI,108,2022,inc,num,55-64,f,all,410,0,1000,0,6,Female,55-64,6,All
Burundi,BI,BDI,108,2022,inc,num,55-64,m,all,850,0,2100,1,6,Male,55-64,6,All
Burundi,BI,BDI,108,2022,inc,num,65plus,f,all,430,0,1000,0,7,Female,65+,6,All
Burundi,BI,BDI,108,2022,inc,num,65plus,m,all,670,0,1600,1,7,Male,65+,6,All
Burundi,BI,BDI,108,2022,inc,num,all,a,all,12000,7300,18000,2,8,All,All,6,All
Burundi,BI,BDI,108,2022,inc,num,all,a,hiv,1400,400,2900,2,8,All,All,1,HIV
Burundi,BI,BDI,108,2022,inc,num,all,f,all,4700,2000,7400,0,8,Female,All,6,All
Burundi,BI,BDI,108,2022,inc,num,all,m,all,7800,3300,12000,1,8,Male,All,6,All
Djibouti,DJ,DJI,262,2022,inc,num,0-14,a,all,340,250,440,2,1,All,0-14,6,All
Djibouti,DJ,DJI,262,2022,inc,num,0-14,f,all,170,100,230,0,1,Female,0-14,6,All
Djibouti,DJ,DJI,262,2022,inc,num,0-14,m,all,180,110,250,1,1,Male,0-14,6,All
Djibouti,DJ,DJI,262,2022,inc,num,0-14,f,all,79,6,150,0,1,Female,0-14,6,All
Djibouti,DJ,DJI,262,2022,inc,num,0-14,m,all,93,8,180,1,1,Male,0-14,6,All
Djibouti,DJ,DJI,262,2022,inc,num,15-24,f,all,160,13,310,0,2,Female,15-24,6,All
Djibouti,DJ,DJI,262,2022,inc,num,15-24,m,all,260,21,500,1,2,Male,15-24,6,All
Djibouti,DJ,DJI,262,2022,inc,num,15-24,a,alc,42,10,96,2,2,All,15-24,3,Alcohol
Djibouti,DJ,DJI,262,2022,inc,num,15-24,a,all,2300,1700,3000,2,2,All,15-24,6,All
Djibouti,DJ,DJI,262,2022,inc,num,15-24,f,alc,3,0,9,0,2,Female,15-24,3,Alcohol
Djibouti,DJ,DJI,262,2022,inc,num,15-24,f,all,860,530,1200,0,2,Female,15-24,6,All
Djibouti,DJ,DJI,262,2022,inc,num,15-24,m,alc,46,10,110,1,2,Male,15-24,3,Alcohol
Djibouti,DJ,DJI,262,2022,inc,num,15-24,m,all,1500,910,2100,1,2,Male,15-24,6,All
Djibouti,DJ,DJI,262,2022,inc,num,15-24,a,dia,90,22,200,2,2,All,15-24,4,Diabetes
Djibouti,DJ,DJI,262,2022,inc,num,15-24,f,dia,31,4,82,0,2,Female,15-24,4,Diabetes
Djibouti,DJ,DJI,262,2022,inc,num,15-24,m,dia,60,8,160,1,2,Male,15-24,4,Diabetes
Djibouti,DJ,DJI,262,2022,inc,num,25-34,f,all,180,15,350,0,3,Female,25-34,6,All
Djibouti,DJ,DJI,262,2022,inc,num,25-34,m,all,300,24,580,1,3,Male,25-34,6,All
Djibouti,DJ,DJI,262,2022,inc,num,35-44,f,all,160,13,300,0,4,Female,35-44,6,All
Djibouti,DJ,DJI,262,2022,inc,num,35-44,m,all,280,23,540,1,4,Male,35-44,6,All
Djibouti,DJ,DJI,262,2022,inc,num,45-54,f,all,130,10,240,0,5,Female,45-54,6,All
Djibouti,DJ,DJI,262,2022,inc,num,45-54,m,all,240,19,460,1,5,Male,45-54,6,All
Djibouti,DJ,DJI,262,2022,inc,num,55-64,f,all,100,8,200,0,6,Female,55-64,6,All
Djibouti,DJ,DJI,262,2022,inc,num,55-64,m,all,200,16,380,1,6,Male,55-64,6,All
Djibouti,DJ,DJI,262,2022,inc,num,65plus,f,all,130,11,250,0,7,Female,65+,6,All
Djibouti,DJ,DJI,262,2022,inc,num,65plus,m,all,210,17,400,1,7,Male,65+,6,All
Djibouti,DJ,DJI,262,2022,inc,num,all,a,all,2700,2000,3400,2,8,All,All,6,All
Djibouti,DJ,DJI,262,2022,inc,num,all,a,hiv,310,94,650,2,8,All,All,1,HIV
Djibouti,DJ,DJI,262,2022,inc,num,all,a,und,620,470,780,2,8,All,All,5,Undernourishment
Djibouti,DJ,DJI,262,2022,inc,num,all,f,all,1000,670,1400,0,8,Female,All,6,All
Djibouti,DJ,DJI,262,2022,inc,num,all,m,all,1700,1100,2200,1,8,Male,All,6,All
Eritrea,ER,ERI,232,2022,inc,num,0-14,a,all,520,43,1000,2,1,All,0-14,6,All
Eritrea,ER,ERI,232,2022,inc,num,0-14,f,all,250,0,570,0,1,Female,0-14,6,All
Eritrea,ER,ERI,232,2022,inc,num,0-14,m,all,270,0,620,1,1,Male,0-14,6,All
Eritrea,ER,ERI,232,2022,inc,num,0-14,f,all,140,0,530,0,1,Female,0-14,6,All
Eritrea,ER,ERI,232,2022,inc,num,0-14,m,all,160,0,630,1,1,Male,0-14,6,All
Eritrea,ER,ERI,232,2022,inc,num,15-24,f,all,130,0,510,0,2,Female,15-24,6,All
Eritrea,ER,ERI,232,2022,inc,num,15-24,m,all,180,0,720,1,2,Male,15-24,6,All
Eritrea,ER,ERI,232,2022,inc,num,15-24,a,alc,97,2,350,2,2,All,15-24,3,Alcohol
Eritrea,ER,ERI,232,2022,inc,num,15-24,a,all,2000,170,3900,2,2,All,15-24,6,All
Eritrea,ER,ERI,232,2022,inc,num,15-24,a,smk,55,0,220,2,2,All,15-24,2,Smoking
Eritrea,ER,ERI,232,2022,inc,num,15-24,f,alc,7,0,30,0,2,Female,15-24,3,Alcohol
Eritrea,ER,ERI,232,2022,inc,num,15-24,f,all,820,0,1900,0,2,Female,15-24,6,All
Eritrea,ER,ERI,232,2022,inc,num,15-24,f,smk,0,0,4,0,2,Female,15-24,2,Smoking
Eritrea,ER,ERI,232,2022,inc,num,15-24,m,alc,100,1,430,1,2,Male,15-24,3,Alcohol
Eritrea,ER,ERI,232,2022,inc,num,15-24,m,all,1200,0,2700,1,2,Male,15-24,6,All
Eritrea,ER,ERI,232,2022,inc,num,15-24,m,smk,62,0,280,1,2,Male,15-24,2,Smoking
Eritrea,ER,ERI,232,2022,inc,num,15-24,a,dia,53,1,190,2,2,All,15-24,4,Diabetes
Eritrea,ER,ERI,232,2022,inc,num,15-24,f,dia,19,0,85,0,2,Female,15-24,4,Diabetes
Eritrea,ER,ERI,232,2022,inc,num,15-24,m,dia,34,0,160,1,2,Male,15-24,4,Diabetes
Eritrea,ER,ERI,232,2022,inc,num,25-34,f,all,160,0,630,0,3,Female,25-34,6,All
Eritrea,ER,ERI,232,2022,inc,num,25-34,m,all,270,0,1100,1,3,Male,25-34,6,All
Eritrea,ER,ERI,232,2022,inc,num,35-44,f,all,160,0,610,0,4,Female,35-44,6,All
Eritrea,ER,ERI,232,2022,inc,num,35-44,m,all,210,0,820,1,4,Male,35-44,6,All
Eritrea,ER,ERI,232,2022,inc,num,45-54,f,all,120,0,480,0,5,Female,45-54,6,All
Eritrea,ER,ERI,232,2022,inc,num,45-54,m,all,190,0,740,1,5,Male,45-54,6,All
Eritrea,ER,ERI,232,2022,inc,num,55-64,f,all,120,0,460,0,6,Female,55-64,6,All
Eritrea,ER,ERI,232,2022,inc,num,55-64,m,all,150,0,600,1,6,Male,55-64,6,All
Eritrea,ER,ERI,232,2022,inc,num,65plus,f,all,130,0,520,0,7,Female,65+,6,All
Eritrea,ER,ERI,232,2022,inc,num,65plus,m,all,200,0,790,1,7,Male,65+,6,All
Eritrea,ER,ERI,232,2022,inc,num,all,a,all,2600,630,4500,2,8,All,All,6,All
Eritrea,ER,ERI,232,2022,inc,num,all,a,hiv,160,27,400,2,8,All,All,1,HIV
Eritrea,ER,ERI,232,2022,inc,num,all,f,all,1100,0,2200,0,8,Female,All,6,All
Eritrea,ER,ERI,232,2022,inc,num,all,m,all,1500,0,3000,1,8,Male,All,6,All
Ethiopia,ET,ETH,231,2022,inc,num,0-14,a,all,18000,11000,26000,2,1,All,0-14,6,All
Ethiopia,ET,ETH,231,2022,inc,num,0-14,f,all,8900,3800,14000,0,1,Female,0-14,6,All
Ethiopia,ET,ETH,231,2022,inc,num,0-14,m,all,9300,4000,15000,1,1,Male,0-14,6,All
Ethiopia,ET,ETH,231,2022,inc,num,0-14,f,all,3300,0,7200,0,1,Female,0-14,6,All
Ethiopia,ET,ETH,231,2022,inc,num,0-14,m,all,3900,0,8600,1,1,Male,0-14,6,All
Ethiopia,ET,ETH,231,2022,inc,num,15-24,f,all,19000,0,43000,0,2,Female,15-24,6,All
Ethiopia,ET,ETH,231,2022,inc,num,15-24,m,all,24000,0,52000,1,2,Male,15-24,6,All
Ethiopia,ET,ETH,231,2022,inc,num,15-24,a,alc,7500,1200,19000,2,2,All,15-24,3,Alcohol
Ethiopia,ET,ETH,231,2022,inc,num,15-24,a,all,138000,82000,193000,2,2,All,15-24,6,All
Ethiopia,ET,ETH,231,2022,inc,num,15-24,a,smk,2800,260,8400,2,2,All,15-24,2,Smoking
Ethiopia,ET,ETH,231,2022,inc,num,15-24,f,alc,710,74,2000,0,2,Female,15-24,3,Alcohol
Ethiopia,ET,ETH,231,2022,inc,num,15-24,f,all,62000,27000,97000,0,2,Female,15-24,6,All
Ethiopia,ET,ETH,231,2022,inc,num,15-24,f,smk,310,19,1000,0,2,Female,15-24,2,Smoking
Ethiopia,ET,ETH,231,2022,inc,num,15-24,m,alc,7100,810,20000,1,2,Male,15-24,3,Alcohol
Ethiopia,ET,ETH,231,2022,inc,num,15-24,m,all,76000,33000,119000,1,2,Male,15-24,6,All
Ethiopia,ET,ETH,231,2022,inc,num,15-24,m,smk,2600,160,8500,1,2,Male,15-24,2,Smoking
Ethiopia,ET,ETH,231,2022,inc,num,15-24,a,dia,3600,510,9600,2,2,All,15-24,4,Diabetes
Ethiopia,ET,ETH,231,2022,inc,num,15-24,f,dia,1500,91,4800,0,2,Female,15-24,4,Diabetes
Ethiopia,ET,ETH,231,2022,inc,num,15-24,m,dia,2100,110,7000,1,2,Male,15-24,4,Diabetes
Ethiopia,ET,ETH,231,2022,inc,num,25-34,f,all,15000,0,34000,0,3,Female,25-34,6,All
Ethiopia,ET,ETH,231,2022,inc,num,25-34,m,all,18000,0,40000,1,3,Male,25-34,6,All
Ethiopia,ET,ETH,231,2022,inc,num,35-44,f,all,11000,0,24000,0,4,Female,35-44,6,All
Ethiopia,ET,ETH,231,2022,inc,num,35-44,m,all,13000,0,29000,1,4,Male,35-44,6,All
Ethiopia,ET,ETH,231,2022,inc,num,45-54,f,all,7600,0,17000,0,5,Female,45-54,6,All
Ethiopia,ET,ETH,231,2022,inc,num,45-54,m,all,9300,0,21000,1,5,Male,45-54,6,All
Ethiopia,ET,ETH,231,2022,inc,num,55-64,f,all,4800,0,11000,0,6,Female,55-64,6,All
Ethiopia,ET,ETH,231,2022,inc,num,55-64,m,all,6300,0,14000,1,6,Male,55-64,6,All
Ethiopia,ET,ETH,231,2022,inc,num,65plus,f,all,4200,0,9300,0,7,Female,65+,6,All
Ethiopia,ET,ETH,231,2022,inc,num,65plus,m,all,5200,0,12000,1,7,Male,65+,6,All
Ethiopia,ET,ETH,231,2022,inc,num,all,a,all,156000,100000,212000,2,8,All,All,6,All
Ethiopia,ET,ETH,231,2022,inc,num,all,a,hiv,14000,4000,29000,2,8,All,All,1,HIV
Ethiopia,ET,ETH,231,2022,inc,num,all,a,und,55000,37000,77000,2,8,All,All,5,Undernourishment
Ethiopia,ET,ETH,231,2022,inc,num,all,f,all,71000,35000,107000,0,8,Female,All,6,All
Ethiopia,ET,ETH,231,2022,inc,num,all,m,all,85000,42000,128000,1,8,Male,All,6,All
Kenya,KE,KEN,404,2022,inc,num,0-14,a,all,17000,8400,27000,2,1,All,0-14,6,All
Kenya,KE,KEN,404,2022,inc,num,0-14,f,all,8400,2600,14000,0,1,Female,0-14,6,All
Kenya,KE,KEN,404,2022,inc,num,0-14,m,all,9100,2800,15000,1,1,Male,0-14,6,All
Kenya,KE,KEN,404,2022,inc,num,0-14,f,all,4500,0,11000,0,1,Female,0-14,6,All
Kenya,KE,KEN,404,2022,inc,num,0-14,m,all,5400,0,14000,1,1,Male,0-14,6,All
Kenya,KE,KEN,404,2022,inc,num,15-24,f,all,7600,0,19000,0,2,Female,15-24,6,All
Kenya,KE,KEN,404,2022,inc,num,15-24,m,all,17000,0,43000,1,2,Male,15-24,6,All
Kenya,KE,KEN,404,2022,inc,num,15-24,a,alc,9400,1400,25000,2,2,All,15-24,3,Alcohol
Kenya,KE,KEN,404,2022,inc,num,15-24,a,all,111000,53000,168000,2,2,All,15-24,6,All
Kenya,KE,KEN,404,2022,inc,num,15-24,a,smk,5300,460,16000,2,2,All,15-24,2,Smoking
Kenya,KE,KEN,404,2022,inc,num,15-24,f,alc,730,60,2200,0,2,Female,15-24,3,Alcohol
Kenya,KE,KEN,404,2022,inc,num,15-24,f,all,35000,11000,59000,0,2,Female,15-24,6,All
Kenya,KE,KEN,404,2022,inc,num,15-24,f,smk,180,8,610,0,2,Female,15-24,2,Smoking
Kenya,KE,KEN,404,2022,inc,num,15-24,m,alc,11000,1000,31000,1,2,Male,15-24,3,Alcohol
Kenya,KE,KEN,404,2022,inc,num,15-24,m,all,75000,23000,127000,1,2,Male,15-24,6,All
Kenya,KE,KEN,404,2022,inc,num,15-24,m,smk,6500,350,21000,1,2,Male,15-24,2,Smoking
Kenya,KE,KEN,404,2022,inc,num,15-24,a,dia,3200,440,8700,2,2,All,15-24,4,Diabetes
Kenya,KE,KEN,404,2022,inc,num,15-24,f,dia,1100,61,3500,0,2,Female,15-24,4,Diabetes
Kenya,KE,KEN,404,2022,inc,num,15-24,m,dia,2100,100,7000,1,2,Male,15-24,4,Diabetes
Kenya,KE,KEN,404,2022,inc,num,25-34,f,all,9200,0,23000,0,3,Female,25-34,6,All
Kenya,KE,KEN,404,2022,inc,num,25-34,m,all,19000,0,49000,1,3,Male,25-34,6,All
Kenya,KE,KEN,404,2022,inc,num,35-44,f,all,7400,0,19000,0,4,Female,35-44,6,All
Kenya,KE,KEN,404,2022,inc,num,35-44,m,all,17000,0,42000,1,4,Male,35-44,6,All
Kenya,KE,KEN,404,2022,inc,num,45-54,f,all,5100,0,13000,0,5,Female,45-54,6,All
Kenya,KE,KEN,404,2022,inc,num,45-54,m,all,11000,0,28000,1,5,Male,45-54,6,All
Kenya,KE,KEN,404,2022,inc,num,55-64,f,all,3100,0,7800,0,6,Female,55-64,6,All
Kenya,KE,KEN,404,2022,inc,num,55-64,m,all,6300,0,16000,1,6,Male,55-64,6,All
Kenya,KE,KEN,404,2022,inc,num,65plus,f,all,2900,0,7200,0,7,Female,65+,6,All
Kenya,KE,KEN,404,2022,inc,num,65plus,m,all,4800,0,12000,1,7,Male,65+,6,All
Kenya,KE,KEN,404,2022,inc,num,all,a,all,128000,70000,186000,2,8,All,All,6,All
Kenya,KE,KEN,404,2022,inc,num,all,a,hiv,41000,15000,80000,2,8,All,All,1,HIV
Kenya,KE,KEN,404,2022,inc,num,all,a,und,48000,29000,71000,2,8,All,All,5,Undernourishment
Kenya,KE,KEN,404,2022,inc,num,all,f,all,44000,17000,70000,0,8,Female,All,6,All
Kenya,KE,KEN,404,2022,inc,num,all,m,all,85000,33000,136000,1,8,Male,All,6,All
Madagascar,MG,MDG,450,2022,inc,num,0-14,a,all,8800,4800,13000,2,1,All,0-14,6,All
Madagascar,MG,MDG,450,2022,inc,num,0-14,f,all,4300,1600,7000,0,1,Female,0-14,6,All
Madagascar,MG,MDG,450,2022,inc,num,0-14,m,all,4500,1700,7400,1,1,Male,0-14,6,All
Madagascar,MG,MDG,450,2022,inc,num,0-14,f,all,1800,0,4400,0,1,Female,0-14,6,All
Madagascar,MG,MDG,450,2022,inc,num,0-14,m,all,2100,0,5200,1,1,Male,0-14,6,All
Madagascar,MG,MDG,450,2022,inc,num,15-24,f,all,5500,0,14000,0,2,Female,15-24,6,All
Madagascar,MG,MDG,450,2022,inc,num,15-24,m,all,6300,0,16000,1,2,Male,15-24,6,All
Madagascar,MG,MDG,450,2022,inc,num,15-24,a,alc,3400,510,9000,2,2,All,15-24,3,Alcohol
Madagascar,MG,MDG,450,2022,inc,num,15-24,a,all,60000,33000,88000,2,2,All,15-24,6,All
Madagascar,MG,MDG,450,2022,inc,num,15-24,a,smk,4900,490,14000,2,2,All,15-24,2,Smoking
Madagascar,MG,MDG,450,2022,inc,num,15-24,f,alc,280,24,830,0,2,Female,15-24,3,Alcohol
Madagascar,MG,MDG,450,2022,inc,num,15-24,f,all,24000,8900,39000,0,2,Female,15-24,6,All
Madagascar,MG,MDG,450,2022,inc,num,15-24,f,smk,150,7,500,0,2,Female,15-24,2,Smoking
Madagascar,MG,MDG,450,2022,inc,num,15-24,m,alc,3500,350,10000,1,2,Male,15-24,3,Alcohol
Madagascar,MG,MDG,450,2022,inc,num,15-24,m,all,36000,13000,59000,1,2,Male,15-24,6,All
Madagascar,MG,MDG,450,2022,inc,num,15-24,m,smk,5200,370,16000,1,2,Male,15-24,2,Smoking
Madagascar,MG,MDG,450,2022,inc,num,15-24,a,dia,1600,220,4300,2,2,All,15-24,4,Diabetes
Madagascar,MG,MDG,450,2022,inc,num,15-24,f,dia,560,32,1800,0,2,Female,15-24,4,Diabetes
Madagascar,MG,MDG,450,2022,inc,num,15-24,m,dia,1100,60,3600,1,2,Male,15-24,4,Diabetes
Madagascar,MG,MDG,450,2022,inc,num,25-34,f,all,5500,0,13000,0,3,Female,25-34,6,All
Madagascar,MG,MDG,450,2022,inc,num,25-34,m,all,8200,0,20000,1,3,Male,25-34,6,All
Madagascar,MG,MDG,450,2022,inc,num,35-44,f,all,4700,0,11000,0,4,Female,35-44,6,All
Madagascar,MG,MDG,450,2022,inc,num,35-44,m,all,7500,0,19000,1,4,Male,35-44,6,All
Madagascar,MG,MDG,450,2022,inc,num,45-54,f,all,3500,0,8700,0,5,Female,45-54,6,All
Madagascar,MG,MDG,450,2022,inc,num,45-54,m,all,6100,0,15000,1,5,Male,45-54,6,All
Madagascar,MG,MDG,450,2022,inc,num,55-64,f,all,2600,0,6300,0,6,Female,55-64,6,All
Madagascar,MG,MDG,450,2022,inc,num,55-64,m,all,4500,0,11000,1,6,Male,55-64,6,All
Madagascar,MG,MDG,450,2022,inc,num,65plus,f,all,2300,0,5700,0,7,Female,65+,6,All
Madagascar,MG,MDG,450,2022,inc,num,65plus,m,all,3500,0,8500,1,7,Male,65+,6,All
Madagascar,MG,MDG,450,2022,inc,num,all,a,all,69000,41000,97000,2,8,All,All,6,All
Madagascar,MG,MDG,450,2022,inc,num,all,a,hiv,3100,820,6800,2,8,All,All,1,HIV
Madagascar,MG,MDG,450,2022,inc,num,all,a,und,36000,23000,51000,2,8,All,All,5,Undernourishment
Madagascar,MG,MDG,450,2022,inc,num,all,f,all,28000,12000,44000,0,8,Female,All,6,All
Madagascar,MG,MDG,450,2022,inc,num,all,m,all,41000,18000,63000,1,8,Male,All,6,All
Malawi,MW,MWI,454,2022,inc,num,0-14,a,all,3200,1000,5400,2,1,All,0-14,6,All
Malawi,MW,MWI,454,2022,inc,num,0-14,f,all,1600,69,3000,0,1,Female,0-14,6,All
Malawi,MW,MWI,454,2022,inc,num,0-14,m,all,1700,73,3200,1,1,Male,0-14,6,All
Malawi,MW,MWI,454,2022,inc,num,0-14,f,all,680,0,2200,0,1,Female,0-14,6,All
Malawi,MW,MWI,454,2022,inc,num,0-14,m,all,810,0,2600,1,1,Male,0-14,6,All
Malawi,MW,MWI,454,2022,inc,num,15-24,f,all,1100,0,3500,0,2,Female,15-24,6,All
Malawi,MW,MWI,454,2022,inc,num,15-24,m,all,1600,0,5000,1,2,Male,15-24,6,All
Malawi,MW,MWI,454,2022,inc,num,15-24,a,alc,1700,110,5300,2,2,All,15-24,3,Alcohol
Malawi,MW,MWI,454,2022,inc,num,15-24,a,all,22000,7000,38000,2,2,All,15-24,6,All
Malawi,MW,MWI,454,2022,inc,num,15-24,a,smk,1100,37,3900,2,2,All,15-24,2,Smoking
Malawi,MW,MWI,454,2022,inc,num,15-24,f,alc,150,2,560,0,2,Female,15-24,3,Alcohol
Malawi,MW,MWI,454,2022,inc,num,15-24,f,all,9100,400,18000,0,2,Female,15-24,6,All
Malawi,MW,MWI,454,2022,inc,num,15-24,f,smk,120,1,510,0,2,Female,15-24,2,Smoking
Malawi,MW,MWI,454,2022,inc,num,15-24,m,alc,1700,30,6400,1,2,Male,15-24,3,Alcohol
Malawi,MW,MWI,454,2022,inc,num,15-24,m,all,13000,590,26000,1,2,Male,15-24,6,All
Malawi,MW,MWI,454,2022,inc,num,15-24,m,smk,1100,9,4500,1,2,Male,15-24,2,Smoking
Malawi,MW,MWI,454,2022,inc,num,15-24,a,dia,680,41,2200,2,2,All,15-24,4,Diabetes
Malawi,MW,MWI,454,2022,inc,num,15-24,f,dia,260,3,1100,0,2,Female,15-24,4,Diabetes
Malawi,MW,MWI,454,2022,inc,num,15-24,m,dia,420,3,1800,1,2,Male,15-24,4,Diabetes
Malawi,MW,MWI,454,2022,inc,num,25-34,f,all,2000,0,6400,0,3,Female,25-34,6,All
Malawi,MW,MWI,454,2022,inc,num,25-34,m,all,3000,0,9500,1,3,Male,25-34,6,All
Malawi,MW,MWI,454,2022,inc,num,35-44,f,all,2400,0,7500,0,4,Female,35-44,6,All
Malawi,MW,MWI,454,2022,inc,num,35-44,m,all,3600,0,11000,1,4,Male,35-44,6,All
Malawi,MW,MWI,454,2022,inc,num,45-54,f,all,1400,0,4500,0,5,Female,45-54,6,All
Malawi,MW,MWI,454,2022,inc,num,45-54,m,all,2200,0,7000,1,5,Male,45-54,6,All
Malawi,MW,MWI,454,2022,inc,num,55-64,f,all,1000,0,3300,0,6,Female,55-64,6,All
Malawi,MW,MWI,454,2022,inc,num,55-64,m,all,1400,0,4300,1,6,Male,55-64,6,All
Malawi,MW,MWI,454,2022,inc,num,65plus,f,all,1100,0,3500,0,7,Female,65+,6,All
Malawi,MW,MWI,454,2022,inc,num,65plus,m,all,1400,0,4300,1,7,Male,65+,6,All
Malawi,MW,MWI,454,2022,inc,num,all,a,all,25000,10000,41000,2,8,All,All,6,All
Malawi,MW,MWI,454,2022,inc,num,all,a,hiv,12000,4400,23000,2,8,All,All,1,HIV
Malawi,MW,MWI,454,2022,inc,num,all,a,und,7200,3500,12000,2,8,All,All,5,Undernourishment
Malawi,MW,MWI,454,2022,inc,num,all,f,all,11000,1600,20000,0,8,Female,All,6,All
Malawi,MW,MWI,454,2022,inc,num,all,m,all,15000,2300,27000,1,8,Male,All,6,All
Mozambique,MZ,MOZ,508,2022,inc,num,0-14,a,all,18000,8900,27000,2,1,All,0-14,6,All
Mozambique,MZ,MOZ,508,2022,inc,num,0-14,f,all,8900,2500,15000,0,1,Female,0-14,6,All
Mozambique,MZ,MOZ,508,2022,inc,num,0-14,m,all,9300,2600,16000,1,1,Male,0-14,6,All
Mozambique,MZ,MOZ,508,2022,inc,num,0-14,f,all,3000,0,7900,0,1,Female,0-14,6,All
Mozambique,MZ,MOZ,508,2022,inc,num,0-14,m,all,3600,0,9400,1,1,Male,0-14,6,All
Mozambique,MZ,MOZ,508,2022,inc,num,15-24,f,all,3900,0,10000,0,2,Female,15-24,6,All
Mozambique,MZ,MOZ,508,2022,inc,num,15-24,m,all,7000,0,18000,1,2,Male,15-24,6,All
Mozambique,MZ,MOZ,508,2022,inc,num,15-24,a,alc,7000,750,20000,2,2,All,15-24,3,Alcohol
Mozambique,MZ,MOZ,508,2022,inc,num,15-24,a,all,101000,49000,152000,2,2,All,15-24,6,All
Mozambique,MZ,MOZ,508,2022,inc,num,15-24,a,smk,7000,430,22000,2,2,All,15-24,2,Smoking
Mozambique,MZ,MOZ,508,2022,inc,num,15-24,f,alc,750,37,2500,0,2,Female,15-24,3,Alcohol
Mozambique,MZ,MOZ,508,2022,inc,num,15-24,f,all,47000,13000,81000,0,2,Female,15-24,6,All
Mozambique,MZ,MOZ,508,2022,inc,num,15-24,f,smk,860,23,3100,0,2,Female,15-24,2,Smoking
Mozambique,MZ,MOZ,508,2022,inc,num,15-24,m,alc,6500,340,21000,1,2,Male,15-24,3,Alcohol
Mozambique,MZ,MOZ,508,2022,inc,num,15-24,m,all,54000,15000,93000,1,2,Male,15-24,6,All
Mozambique,MZ,MOZ,508,2022,inc,num,15-24,m,smk,6200,180,22000,1,2,Male,15-24,2,Smoking
Mozambique,MZ,MOZ,508,2022,inc,num,15-24,a,dia,3100,320,9000,2,2,All,15-24,4,Diabetes
Mozambique,MZ,MOZ,508,2022,inc,num,15-24,f,dia,1400,43,5000,0,2,Female,15-24,4,Diabetes
Mozambique,MZ,MOZ,508,2022,inc,num,15-24,m,dia,1700,42,6400,1,2,Male,15-24,4,Diabetes
Mozambique,MZ,MOZ,508,2022,inc,num,25-34,f,all,12000,0,31000,0,3,Female,25-34,6,All
Mozambique,MZ,MOZ,508,2022,inc,num,25-34,m,all,13000,0,35000,1,3,Male,25-34,6,All
Mozambique,MZ,MOZ,508,2022,inc,num,35-44,f,all,12000,0,30000,0,4,Female,35-44,6,All
Mozambique,MZ,MOZ,508,2022,inc,num,35-44,m,all,13000,0,35000,1,4,Male,35-44,6,All
Mozambique,MZ,MOZ,508,2022,inc,num,45-54,f,all,7200,0,19000,0,5,Female,45-54,6,All
Mozambique,MZ,MOZ,508,2022,inc,num,45-54,m,all,8300,0,22000,1,5,Male,45-54,6,All
Mozambique,MZ,MOZ,508,2022,inc,num,55-64,f,all,4700,0,12000,0,6,Female,55-64,6,All
Mozambique,MZ,MOZ,508,2022,inc,num,55-64,m,all,5600,0,14000,1,6,Male,55-64,6,All
Mozambique,MZ,MOZ,508,2022,inc,num,65plus,f,all,7600,0,20000,0,7,Female,65+,6,All
Mozambique,MZ,MOZ,508,2022,inc,num,65plus,m,all,6000,0,16000,1,7,Male,65+,6,All
Mozambique,MZ,MOZ,508,2022,inc,num,all,a,all,119000,67000,171000,2,8,All,All,6,All
Mozambique,MZ,MOZ,508,2022,inc,num,all,a,hiv,67000,33000,114000,2,8,All,All,1,HIV
Mozambique,MZ,MOZ,508,2022,inc,num,all,a,und,50000,30000,74000,2,8,All,All,5,Undernourishment
Mozambique,MZ,MOZ,508,2022,inc,num,all,f,all,56000,21000,91000,0,8,Female,All,6,All
Mozambique,MZ,MOZ,508,2022,inc,num,all,m,all,63000,24000,102000,1,8,Male,All,6,All
Rwanda,RW,RWA,646,2022,inc,num,0-14,a,all,810,570,1000,2,1,All,0-14,6,All
Rwanda,RW,RWA,646,2022,inc,num,0-14,f,all,380,240,530,0,1,Female,0-14,6,All
Rwanda,RW,RWA,646,2022,inc,num,0-14,m,all,420,270,580,1,1,Male,0-14,6,All
Rwanda,RW,RWA,646,2022,inc,num,0-14,f,all,220,42,400,0,1,Female,0-14,6,All
Rwanda,RW,RWA,646,2022,inc,num,0-14,m,all,260,50,470,1,1,Male,0-14,6,All
Rwanda,RW,RWA,646,2022,inc,num,15-24,f,all,270,52,490,0,2,Female,15-24,6,All
Rwanda,RW,RWA,646,2022,inc,num,15-24,m,all,670,130,1200,1,2,Male,15-24,6,All
Rwanda,RW,RWA,646,2022,inc,num,15-24,a,alc,950,230,2200,2,2,All,15-24,3,Alcohol
Rwanda,RW,RWA,646,2022,inc,num,15-24,a,all,6900,4800,8900,2,2,All,15-24,6,All
Rwanda,RW,RWA,646,2022,inc,num,15-24,a,smk,410,53,1100,2,2,All,15-24,2,Smoking
Rwanda,RW,RWA,646,2022,inc,num,15-24,f,alc,90,17,220,0,2,Female,15-24,3,Alcohol
Rwanda,RW,RWA,646,2022,inc,num,15-24,f,all,1700,1000,2300,0,2,Female,15-24,6,All
Rwanda,RW,RWA,646,2022,inc,num,15-24,f,smk,46,5,130,0,2,Female,15-24,2,Smoking
Rwanda,RW,RWA,646,2022,inc,num,15-24,m,alc,1100,260,2600,1,2,Male,15-24,3,Alcohol
Rwanda,RW,RWA,646,2022,inc,num,15-24,m,all,5200,3300,7100,1,2,Male,15-24,6,All
Rwanda,RW,RWA,646,2022,inc,num,15-24,m,smk,460,53,1300,1,2,Male,15-24,2,Smoking
Rwanda,RW,RWA,646,2022,inc,num,15-24,a,dia,150,25,370,2,2,All,15-24,4,Diabetes
Rwanda,RW,RWA,646,2022,inc,num,15-24,f,dia,36,3,100,0,2,Female,15-24,4,Diabetes
Rwanda,RW,RWA,646,2022,inc,num,15-24,m,dia,110,8,340,1,2,Male,15-24,4,Diabetes
Rwanda,RW,RWA,646,2022,inc,num,25-34,f,all,400,76,730,0,3,Female,25-34,6,All
Rwanda,RW,RWA,646,2022,inc,num,25-34,m,all,1500,280,2700,1,3,Male,25-34,6,All
Rwanda,RW,RWA,646,2022,inc,num,35-44,f,all,360,68,650,0,4,Female,35-44,6,All
Rwanda,RW,RWA,646,2022,inc,num,35-44,m,all,1500,280,2600,1,4,Male,35-44,6,All
Rwanda,RW,RWA,646,2022,inc,num,45-54,f,all,270,51,490,0,5,Female,45-54,6,All
Rwanda,RW,RWA,646,2022,inc,num,45-54,m,all,660,130,1200,1,5,Male,45-54,6,All
Rwanda,RW,RWA,646,2022,inc,num,55-64,f,all,160,31,290,0,6,Female,55-64,6,All
Rwanda,RW,RWA,646,2022,inc,num,55-64,m,all,580,110,1000,1,6,Male,55-64,6,All
Rwanda,RW,RWA,646,2022,inc,num,65plus,f,all,190,36,340,0,7,Female,65+,6,All
Rwanda,RW,RWA,646,2022,inc,num,65plus,m,all,370,70,670,1,7,Male,65+,6,All
Rwanda,RW,RWA,646,2022,inc,num,all,a,all,7700,5600,9700,2,8,All,All,6,All
Rwanda,RW,RWA,646,2022,inc,num,all,a,hiv,1900,720,3500,2,8,All,All,1,HIV
Rwanda,RW,RWA,646,2022,inc,num,all,a,und,3400,2500,4300,2,8,All,All,5,Undernourishment
Rwanda,RW,RWA,646,2022,inc,num,all,f,all,2000,1300,2700,0,8,Female,All,6,All
Rwanda,RW,RWA,646,2022,inc,num,all,m,all,5600,3700,7500,1,8,Male,All,6,All
Somalia,SO,SOM,706,2022,inc,num,0-14,a,all,9000,4500,14000,2,1,All,0-14,6,All
Somalia,SO,SOM,706,2022,inc,num,0-14,f,all,4300,1300,7400,0,1,Female,0-14,6,All
Somalia,SO,SOM,706,2022,inc,num,0-14,m,all,4700,1400,8000,1,1,Male,0-14,6,All
Somalia,SO,SOM,706,2022,inc,num,0-14,f,all,2200,0,5600,0,1,Female,0-14,6,All
Somalia,SO,SOM,706,2022,inc,num,0-14,m,all,2600,0,6700,1,1,Male,0-14,6,All
Somalia,SO,SOM,706,2022,inc,num,15-24,f,all,2600,0,6700,0,2,Female,15-24,6,All
Somalia,SO,SOM,706,2022,inc,num,15-24,m,all,3800,0,10000,1,2,Male,15-24,6,All
Somalia,SO,SOM,706,2022,inc,num,15-24,a,alc,310,23,980,2,2,All,15-24,3,Alcohol
Somalia,SO,SOM,706,2022,inc,num,15-24,a,all,34000,17000,52000,2,2,All,15-24,6,All
Somalia,SO,SOM,706,2022,inc,num,15-24,f,alc,33,1,120,0,2,Female,15-24,3,Alcohol
Somalia,SO,SOM,706,2022,inc,num,15-24,f,all,14000,4200,25000,0,2,Female,15-24,6,All
Somalia,SO,SOM,706,2022,inc,num,15-24,m,alc,280,8,980,1,2,Male,15-24,3,Alcohol
Somalia,SO,SOM,706,2022,inc,num,15-24,m,all,20000,5800,34000,1,2,Male,15-24,6,All
Somalia,SO,SOM,706,2022,inc,num,15-24,a,dia,1100,82,3500,2,2,All,15-24,4,Diabetes
Somalia,SO,SOM,706,2022,inc,num,15-24,f,dia,420,7,1600,0,2,Female,15-24,4,Diabetes
Somalia,SO,SOM,706,2022,inc,num,15-24,m,dia,710,12,2700,1,2,Male,15-24,4,Diabetes
Somalia,SO,SOM,706,2022,inc,num,25-34,f,all,2800,0,7400,0,3,Female,25-34,6,All
Somalia,SO,SOM,706,2022,inc,num,25-34,m,all,4100,0,11000,1,3,Male,25-34,6,All
Somalia,SO,SOM,706,2022,inc,num,35-44,f,all,2600,0,6800,0,4,Female,35-44,6,All
Somalia,SO,SOM,706,2022,inc,num,35-44,m,all,3600,0,9500,1,4,Male,35-44,6,All
Somalia,SO,SOM,706,2022,inc,num,45-54,f,all,2100,0,5400,0,5,Female,45-54,6,All
Somalia,SO,SOM,706,2022,inc,num,45-54,m,all,2800,0,7400,1,5,Male,45-54,6,All
Somalia,SO,SOM,706,2022,inc,num,55-64,f,all,1800,0,4700,0,6,Female,55-64,6,All
Somalia,SO,SOM,706,2022,inc,num,55-64,m,all,2400,0,6300,1,6,Male,55-64,6,All
Somalia,SO,SOM,706,2022,inc,num,65plus,f,all,2500,0,6600,0,7,Female,65+,6,All
Somalia,SO,SOM,706,2022,inc,num,65plus,m,all,3100,0,8100,1,7,Male,65+,6,All
Somalia,SO,SOM,706,2022,inc,num,all,a,all,43000,25000,61000,2,8,All,All,6,All
Somalia,SO,SOM,706,2022,inc,num,all,a,hiv,420,110,940,2,8,All,All,1,HIV
Somalia,SO,SOM,706,2022,inc,num,all,a,und,23000,15000,34000,2,8,All,All,5,Undernourishment
Somalia,SO,SOM,706,2022,inc,num,all,f,all,19000,7900,30000,0,8,Female,All,6,All
Somalia,SO,SOM,706,2022,inc,num,all,m,all,25000,10000,39000,1,8,Male,All,6,All
S. Sudan,SS,SSD,728,2022,inc,num,0-14,a,all,4400,2300,6600,2,1,All,0-14,6,All
S. Sudan,SS,SSD,728,2022,inc,num,0-14,f,all,2200,760,3500,0,1,Female,0-14,6,All
S. Sudan,SS,SSD,728,2022,inc,num,0-14,m,all,2300,810,3800,1,1,Male,0-14,6,All
S. Sudan,SS,SSD,728,2022,inc,num,0-14,f,all,950,0,2300,0,1,Female,0-14,6,All
S. Sudan,SS,SSD,728,2022,inc,num,0-14,m,all,1100,0,2700,1,1,Male,0-14,6,All
S. Sudan,SS,SSD,728,2022,inc,num,15-24,f,all,1300,0,3300,0,2,Female,15-24,6,All
S. Sudan,SS,SSD,728,2022,inc,num,15-24,m,all,2400,0,5800,1,2,Male,15-24,6,All
S. Sudan,SS,SSD,728,2022,inc,num,15-24,a,all,20000,11000,30000,2,2,All,15-24,6,All
S. Sudan,SS,SSD,728,2022,inc,num,15-24,f,all,7000,2500,12000,0,2,Female,15-24,6,All
S. Sudan,SS,SSD,728,2022,inc,num,15-24,m,all,13000,4700,22000,1,2,Male,15-24,6,All
S. Sudan,SS,SSD,728,2022,inc,num,25-34,f,all,1500,0,3600,0,3,Female,25-34,6,All
S. Sudan,SS,SSD,728,2022,inc,num,25-34,m,all,3600,0,8800,1,3,Male,25-34,6,All
S. Sudan,SS,SSD,728,2022,inc,num,35-44,f,all,1600,0,3800,0,4,Female,35-44,6,All
S. Sudan,SS,SSD,728,2022,inc,num,35-44,m,all,2900,0,7000,1,4,Male,35-44,6,All
S. Sudan,SS,SSD,728,2022,inc,num,45-54,f,all,1300,0,3200,0,5,Female,45-54,6,All
S. Sudan,SS,SSD,728,2022,inc,num,45-54,m,all,2000,0,4900,1,5,Male,45-54,6,All
S. Sudan,SS,SSD,728,2022,inc,num,55-64,f,all,750,0,1800,0,6,Female,55-64,6,All
S. Sudan,SS,SSD,728,2022,inc,num,55-64,m,all,1300,0,3100,1,6,Male,55-64,6,All
S. Sudan,SS,SSD,728,2022,inc,num,65plus,f,all,540,0,1300,0,7,Female,65+,6,All
S. Sudan,SS,SSD,728,2022,inc,num,65plus,m,all,1100,0,2600,1,7,Male,65+,6,All
S. Sudan,SS,SSD,728,2022,inc,num,all,a,all,25000,15000,35000,2,8,All,All,6,All
S. Sudan,SS,SSD,728,2022,inc,num,all,f,all,9200,4100,14000,0,8,Female,All,6,All
S. Sudan,SS,SSD,728,2022,inc,num,all,m,all,16000,7000,24000,1,8,Male,All,6,All
Sudan,SD,SDN,729,2022,inc,num,0-14,a,all,3400,1800,5000,2,1,All,0-14,6,All
Sudan,SD,SDN,729,2022,inc,num,0-14,f,all,1700,610,2700,0,1,Female,0-14,6,All
Sudan,SD,SDN,729,2022,inc,num,0-14,m,all,1800,650,2900,1,1,Male,0-14,6,All
Sudan,SD,SDN,729,2022,inc,num,0-14,f,all,740,0,1800,0,1,Female,0-14,6,All
Sudan,SD,SDN,729,2022,inc,num,0-14,m,all,880,0,2200,1,1,Male,0-14,6,All
Sudan,SD,SDN,729,2022,inc,num,15-24,f,all,1200,0,3000,0,2,Female,15-24,6,All
Sudan,SD,SDN,729,2022,inc,num,15-24,m,all,2100,0,5100,1,2,Male,15-24,6,All
Sudan,SD,SDN,729,2022,inc,num,15-24,a,alc,640,84,1800,2,2,All,15-24,3,Alcohol
Sudan,SD,SDN,729,2022,inc,num,15-24,a,all,22000,12000,32000,2,2,All,15-24,6,All
Sudan,SD,SDN,729,2022,inc,num,15-24,f,alc,58,4,180,0,2,Female,15-24,3,Alcohol
Sudan,SD,SDN,729,2022,inc,num,15-24,f,all,8500,3100,14000,0,2,Female,15-24,6,All
Sudan,SD,SDN,729,2022,inc,num,15-24,m,alc,680,54,2100,1,2,Male,15-24,3,Alcohol
Sudan,SD,SDN,729,2022,inc,num,15-24,m,all,13000,4900,22000,1,2,Male,15-24,6,All
Sudan,SD,SDN,729,2022,inc,num,15-24,a,dia,930,130,2500,2,2,All,15-24,4,Diabetes
Sudan,SD,SDN,729,2022,inc,num,15-24,f,dia,380,23,1200,0,2,Female,15-24,4,Diabetes
Sudan,SD,SDN,729,2022,inc,num,15-24,m,dia,530,29,1700,1,2,Male,15-24,4,Diabetes
Sudan,SD,SDN,729,2022,inc,num,25-34,f,all,1800,0,4600,0,3,Female,25-34,6,All
Sudan,SD,SDN,729,2022,inc,num,25-34,m,all,3200,0,8000,1,3,Male,25-34,6,All
Sudan,SD,SDN,729,2022,inc,num,35-44,f,all,1600,0,3900,0,4,Female,35-44,6,All
Sudan,SD,SDN,729,2022,inc,num,35-44,m,all,2700,0,6600,1,4,Male,35-44,6,All
Sudan,SD,SDN,729,2022,inc,num,45-54,f,all,1300,0,3100,0,5,Female,45-54,6,All
Sudan,SD,SDN,729,2022,inc,num,45-54,m,all,2000,0,4900,1,5,Male,45-54,6,All
Sudan,SD,SDN,729,2022,inc,num,55-64,f,all,1100,0,2700,0,6,Female,55-64,6,All
Sudan,SD,SDN,729,2022,inc,num,55-64,m,all,1500,0,3600,1,6,Male,55-64,6,All
Sudan,SD,SDN,729,2022,inc,num,65plus,f,all,1500,0,3600,0,7,Female,65+,6,All
Sudan,SD,SDN,729,2022,inc,num,65plus,m,all,2000,0,5100,1,7,Male,65+,6,All
Sudan,SD,SDN,729,2022,inc,num,all,a,all,25000,15000,36000,2,8,All,All,6,All
Sudan,SD,SDN,729,2022,inc,num,all,a,hiv,430,110,970,2,8,All,All,1,HIV
Sudan,SD,SDN,729,2022,inc,num,all,a,und,5600,3500,8000,2,8,All,All,5,Undernourishment
Sudan,SD,SDN,729,2022,inc,num,all,f,all,10000,4500,16000,0,8,Female,All,6,All
Sudan,SD,SDN,729,2022,inc,num,all,m,all,15000,6700,24000,1,8,Male,All,6,All
Uganda,UG,UGA,800,2022,inc,num,0-14,a,all,15000,7200,23000,2,1,All,0-14,6,All
Uganda,UG,UGA,800,2022,inc,num,0-14,f,all,7400,2000,13000,0,1,Female,0-14,6,All
Uganda,UG,UGA,800,2022,inc,num,0-14,m,all,7900,2100,14000,1,1,Male,0-14,6,All
Uganda,UG,UGA,800,2022,inc,num,0-14,f,all,3500,0,9100,0,1,Female,0-14,6,All
Uganda,UG,UGA,800,2022,inc,num,0-14,m,all,4100,0,11000,1,1,Male,0-14,6,All
Uganda,UG,UGA,800,2022,inc,num,15-24,f,all,4300,0,11000,0,2,Female,15-24,6,All
Uganda,UG,UGA,800,2022,inc,num,15-24,m,all,4200,0,11000,1,2,Male,15-24,6,All
Uganda,UG,UGA,800,2022,inc,num,15-24,a,alc,11000,1200,31000,2,2,All,15-24,3,Alcohol
Uganda,UG,UGA,800,2022,inc,num,15-24,a,all,78000,37000,120000,2,2,All,15-24,6,All
Uganda,UG,UGA,800,2022,inc,num,15-24,a,smk,3000,140,10000,2,2,All,15-24,2,Smoking
Uganda,UG,UGA,800,2022,inc,num,15-24,f,alc,1300,58,4300,0,2,Female,15-24,3,Alcohol
Uganda,UG,UGA,800,2022,inc,num,15-24,f,all,30000,8200,52000,0,2,Female,15-24,6,All
Uganda,UG,UGA,800,2022,inc,num,15-24,f,smk,390,8,1500,0,2,Female,15-24,2,Smoking
Uganda,UG,UGA,800,2022,inc,num,15-24,m,alc,11000,610,34000,1,2,Male,15-24,3,Alcohol
Uganda,UG,UGA,800,2022,inc,num,15-24,m,all,48000,13000,83000,1,2,Male,15-24,6,All
Uganda,UG,UGA,800,2022,inc,num,15-24,m,smk,3000,65,11000,1,2,Male,15-24,2,Smoking
Uganda,UG,UGA,800,2022,inc,num,15-24,a,dia,1800,140,5300,2,2,All,15-24,4,Diabetes
Uganda,UG,UGA,800,2022,inc,num,15-24,f,dia,690,16,2600,0,2,Female,15-24,4,Diabetes
Uganda,UG,UGA,800,2022,inc,num,15-24,m,dia,1000,18,4000,1,2,Male,15-24,4,Diabetes
Uganda,UG,UGA,800,2022,inc,num,25-34,f,all,7100,0,19000,0,3,Female,25-34,6,All
Uganda,UG,UGA,800,2022,inc,num,25-34,m,all,10000,0,27000,1,3,Male,25-34,6,All
Uganda,UG,UGA,800,2022,inc,num,35-44,f,all,6500,0,17000,0,4,Female,35-44,6,All
Uganda,UG,UGA,800,2022,inc,num,35-44,m,all,12000,0,32000,1,4,Male,35-44,6,All
Uganda,UG,UGA,800,2022,inc,num,45-54,f,all,2600,0,7000,0,5,Female,45-54,6,All
Uganda,UG,UGA,800,2022,inc,num,45-54,m,all,5400,0,14000,1,5,Male,45-54,6,All
Uganda,UG,UGA,800,2022,inc,num,55-64,f,all,5300,0,14000,0,6,Female,55-64,6,All
Uganda,UG,UGA,800,2022,inc,num,55-64,m,all,9100,0,24000,1,6,Male,55-64,6,All
Uganda,UG,UGA,800,2022,inc,num,65plus,f,all,4400,0,12000,0,7,Female,65+,6,All
Uganda,UG,UGA,800,2022,inc,num,65plus,m,all,7000,0,19000,1,7,Male,65+,6,All
Uganda,UG,UGA,800,2022,inc,num,all,a,all,94000,51000,136000,2,8,All,All,6,All
Uganda,UG,UGA,800,2022,inc,num,all,a,hiv,34000,13000,64000,2,8,All,All,1,HIV
Uganda,UG,UGA,800,2022,inc,num,all,f,all,38000,14000,61000,0,8,Female,All,6,All
Uganda,UG,UGA,800,2022,inc,num,all,m,all,56000,21000,91000,1,8,Male,All,6,All
Tanzania,TZ,TZA,834,2022,inc,num,0-14,a,all,33000,3200,63000,2,1,All,0-14,6,All
Tanzania,TZ,TZA,834,2022,inc,num,0-14,f,all,16000,0,36000,0,1,Female,0-14,6,All
Tanzania,TZ,TZA,834,2022,inc,num,0-14,m,all,17000,0,39000,1,1,Male,0-14,6,All
Tanzania,TZ,TZA,834,2022,inc,num,0-14,f,all,8200,0,31000,0,1,Female,0-14,6,All
Tanzania,TZ,TZA,834,2022,inc,num,0-14,m,all,9800,0,36000,1,1,Male,0-14,6,All
Tanzania,TZ,TZA,834,2022,inc,num,15-24,f,all,4000,0,15000,0,2,Female,15-24,6,All
Tanzania,TZ,TZA,834,2022,inc,num,15-24,m,all,5400,0,20000,1,2,Male,15-24,6,All
Tanzania,TZ,TZA,834,2022,inc,num,15-24,a,alc,13000,330,47000,2,2,All,15-24,3,Alcohol
Tanzania,TZ,TZA,834,2022,inc,num,15-24,a,all,95000,9100,180000,2,2,All,15-24,6,All
Tanzania,TZ,TZA,834,2022,inc,num,15-24,a,smk,4000,43,16000,2,2,All,15-24,2,Smoking
Tanzania,TZ,TZA,834,2022,inc,num,15-24,f,alc,1800,12,7600,0,2,Female,15-24,3,Alcohol
Tanzania,TZ,TZA,834,2022,inc,num,15-24,f,all,37000,0,83000,0,2,Female,15-24,6,All
Tanzania,TZ,TZA,834,2022,inc,num,15-24,f,smk,310,0,1400,0,2,Female,15-24,2,Smoking
Tanzania,TZ,TZA,834,2022,inc,num,15-24,m,alc,12000,90,51000,1,2,Male,15-24,3,Alcohol
Tanzania,TZ,TZA,834,2022,inc,num,15-24,m,all,58000,0,130000,1,2,Male,15-24,6,All
Tanzania,TZ,TZA,834,2022,inc,num,15-24,m,smk,4200,10,20000,1,2,Male,15-24,2,Smoking
Tanzania,TZ,TZA,834,2022,inc,num,15-24,a,dia,2800,64,10000,2,2,All,15-24,4,Diabetes
Tanzania,TZ,TZA,834,2022,inc,num,15-24,f,dia,1100,5,4800,0,2,Female,15-24,4,Diabetes
Tanzania,TZ,TZA,834,2022,inc,num,15-24,m,dia,1700,4,7700,1,2,Male,15-24,4,Diabetes
Tanzania,TZ,TZA,834,2022,inc,num,25-34,f,all,6800,0,25000,0,3,Female,25-34,6,All
Tanzania,TZ,TZA,834,2022,inc,num,25-34,m,all,10000,0,37000,1,3,Male,25-34,6,All
Tanzania,TZ,TZA,834,2022,inc,num,35-44,f,all,7400,0,28000,0,4,Female,35-44,6,All
Tanzania,TZ,TZA,834,2022,inc,num,35-44,m,all,13000,0,47000,1,4,Male,35-44,6,All
Tanzania,TZ,TZA,834,2022,inc,num,45-54,f,all,7000,0,26000,0,5,Female,45-54,6,All
Tanzania,TZ,TZA,834,2022,inc,num,45-54,m,all,12000,0,44000,1,5,Male,45-54,6,All
Tanzania,TZ,TZA,834,2022,inc,num,55-64,f,all,5200,0,19000,0,6,Female,55-64,6,All
Tanzania,TZ,TZA,834,2022,inc,num,55-64,m,all,8000,0,30000,1,6,Male,55-64,6,All
Tanzania,TZ,TZA,834,2022,inc,num,65plus,f,all,6400,0,24000,0,7,Female,65+,6,All
Tanzania,TZ,TZA,834,2022,inc,num,65plus,m,all,9700,0,36000,1,7,Male,65+,6,All
Tanzania,TZ,TZA,834,2022,inc,num,all,a,all,128000,37000,219000,2,8,All,All,6,All
Tanzania,TZ,TZA,834,2022,inc,num,all,a,hiv,42000,11000,92000,2,8,All,All,1,HIV
Tanzania,TZ,TZA,834,2022,inc,num,all,a,und,43000,18000,78000,2,8,All,All,5,Undernourishment
Tanzania,TZ,TZA,834,2022,inc,num,all,f,all,53000,660,105000,0,8,Female,All,6,All
Tanzania,TZ,TZA,834,2022,inc,num,all,m,all,75000,940,149000,1,8,Male,All,6,All
Zambia,ZM,ZMB,894,2022,inc,num,0-14,a,all,8800,4500,13000,2,1,All,0-14,6,All
Zambia,ZM,ZMB,894,2022,inc,num,0-14,f,all,4200,1400,7000,0,1,Female,0-14,6,All
Zambia,ZM,ZMB,894,2022,inc,num,0-14,m,all,4600,1500,7600,1,1,Male,0-14,6,All
Zambia,ZM,ZMB,894,2022,inc,num,0-14,f,all,2100,0,5300,0,1,Female,0-14,6,All
Zambia,ZM,ZMB,894,2022,inc,num,0-14,m,all,2600,0,6300,1,1,Male,0-14,6,All
Zambia,ZM,ZMB,894,2022,inc,num,15-24,f,all,2400,0,5800,0,2,Female,15-24,6,All
Zambia,ZM,ZMB,894,2022,inc,num,15-24,m,all,2900,0,7100,1,2,Male,15-24,6,All
Zambia,ZM,ZMB,894,2022,inc,num,15-24,a,alc,5600,730,15000,2,2,All,15-24,3,Alcohol
Zambia,ZM,ZMB,894,2022,inc,num,15-24,a,all,50000,26000,75000,2,2,All,15-24,6,All
Zambia,ZM,ZMB,894,2022,inc,num,15-24,a,smk,3400,240,11000,2,2,All,15-24,2,Smoking
Zambia,ZM,ZMB,894,2022,inc,num,15-24,f,alc,490,32,1600,0,2,Female,15-24,3,Alcohol
Zambia,ZM,ZMB,894,2022,inc,num,15-24,f,all,18000,6100,30000,0,2,Female,15-24,6,All
Zambia,ZM,ZMB,894,2022,inc,num,15-24,f,smk,280,10,1000,0,2,Female,15-24,2,Smoking
Zambia,ZM,ZMB,894,2022,inc,num,15-24,m,alc,5800,470,18000,1,2,Male,15-24,3,Alcohol
Zambia,ZM,ZMB,894,2022,inc,num,15-24,m,all,32000,11000,53000,1,2,Male,15-24,6,All
Zambia,ZM,ZMB,894,2022,inc,num,15-24,m,smk,3700,160,13000,1,2,Male,15-24,2,Smoking
Zambia,ZM,ZMB,894,2022,inc,num,15-24,a,dia,1600,180,4500,2,2,All,15-24,4,Diabetes
Zambia,ZM,ZMB,894,2022,inc,num,15-24,f,dia,590,26,2000,0,2,Female,15-24,4,Diabetes
Zambia,ZM,ZMB,894,2022,inc,num,15-24,m,dia,1000,36,3500,1,2,Male,15-24,4,Diabetes
Zambia,ZM,ZMB,894,2022,inc,num,25-34,f,all,3900,0,9700,0,3,Female,25-34,6,All
Zambia,ZM,ZMB,894,2022,inc,num,25-34,m,all,7900,0,20000,1,3,Male,25-34,6,All
Zambia,ZM,ZMB,894,2022,inc,num,35-44,f,all,4100,0,10000,0,4,Female,35-44,6,All
Zambia,ZM,ZMB,894,2022,inc,num,35-44,m,all,8900,0,22000,1,4,Male,35-44,6,All
Zambia,ZM,ZMB,894,2022,inc,num,45-54,f,all,3200,0,8000,0,5,Female,45-54,6,All
Zambia,ZM,ZMB,894,2022,inc,num,45-54,m,all,6100,0,15000,1,5,Male,45-54,6,All
Zambia,ZM,ZMB,894,2022,inc,num,55-64,f,all,2100,0,5300,0,6,Female,55-64,6,All
Zambia,ZM,ZMB,894,2022,inc,num,55-64,m,all,3000,0,7500,1,6,Male,55-64,6,All
Zambia,ZM,ZMB,894,2022,inc,num,65plus,f,all,2400,0,5900,0,7,Female,65+,6,All
Zambia,ZM,ZMB,894,2022,inc,num,65plus,m,all,3100,0,7800,1,7,Male,65+,6,All
Zambia,ZM,ZMB,894,2022,inc,num,all,a,all,59000,34000,84000,2,8,All,All,6,All
Zambia,ZM,ZMB,894,2022,inc,num,all,a,hiv,33000,16000,55000,2,8,All,All,1,HIV
Zambia,ZM,ZMB,894,2022,inc,num,all,f,all,22000,9500,35000,0,8,Female,All,6,All
Zambia,ZM,ZMB,894,2022,inc,num,all,m,all,37000,15000,58000,1,8,Male,All,6,All
Zimbabwe,ZW,ZWE,716,2022,inc,num,0-14,a,all,4400,2700,6100,2,1,All,0-14,6,All
Zimbabwe,ZW,ZWE,716,2022,inc,num,0-14,f,all,2100,990,3200,0,1,Female,0-14,6,All
Zimbabwe,ZW,ZWE,716,2022,inc,num,0-14,m,all,2300,1100,3500,1,1,Male,0-14,6,All
Zimbabwe,ZW,ZWE,716,2022,inc,num,0-14,f,all,1100,0,2300,0,1,Female,0-14,6,All
Zimbabwe,ZW,ZWE,716,2022,inc,num,0-14,m,all,1300,0,2700,1,1,Male,0-14,6,All
Zimbabwe,ZW,ZWE,716,2022,inc,num,15-24,f,all,1600,0,3500,0,2,Female,15-24,6,All
Zimbabwe,ZW,ZWE,716,2022,inc,num,15-24,m,all,2600,0,5700,1,2,Male,15-24,6,All
Zimbabwe,ZW,ZWE,716,2022,inc,num,15-24,a,alc,3700,690,9200,2,2,All,15-24,3,Alcohol
Zimbabwe,ZW,ZWE,716,2022,inc,num,15-24,a,all,29000,18000,40000,2,2,All,15-24,6,All
Zimbabwe,ZW,ZWE,716,2022,inc,num,15-24,a,smk,1700,170,4800,2,2,All,15-24,2,Smoking
Zimbabwe,ZW,ZWE,716,2022,inc,num,15-24,f,alc,510,64,1400,0,2,Female,15-24,3,Alcohol
Zimbabwe,ZW,ZWE,716,2022,inc,num,15-24,f,all,12000,5500,18000,0,2,Female,15-24,6,All
Zimbabwe,ZW,ZWE,716,2022,inc,num,15-24,f,smk,59,4,180,0,2,Female,15-24,2,Smoking
Zimbabwe,ZW,ZWE,716,2022,inc,num,15-24,m,alc,3500,470,9500,1,2,Male,15-24,3,Alcohol
Zimbabwe,ZW,ZWE,716,2022,inc,num,15-24,m,all,17000,8000,26000,1,2,Male,15-24,6,All
Zimbabwe,ZW,ZWE,716,2022,inc,num,15-24,m,smk,1800,120,5700,1,2,Male,15-24,2,Smoking
Zimbabwe,ZW,ZWE,716,2022,inc,num,15-24,a,dia,990,150,2600,2,2,All,15-24,4,Diabetes
Zimbabwe,ZW,ZWE,716,2022,inc,num,15-24,f,dia,420,37,1300,0,2,Female,15-24,4,Diabetes
Zimbabwe,ZW,ZWE,716,2022,inc,num,15-24,m,dia,540,27,1800,1,2,Male,15-24,4,Diabetes
Zimbabwe,ZW,ZWE,716,2022,inc,num,25-34,f,all,2800,0,6100,0,3,Female,25-34,6,All
Zimbabwe,ZW,ZWE,716,2022,inc,num,25-34,m,all,4100,0,8900,1,3,Male,25-34,6,All
Zimbabwe,ZW,ZWE,716,2022,inc,num,35-44,f,all,3400,0,7300,0,4,Female,35-44,6,All
Zimbabwe,ZW,ZWE,716,2022,inc,num,35-44,m,all,4800,0,11000,1,4,Male,35-44,6,All
Zimbabwe,ZW,ZWE,716,2022,inc,num,45-54,f,all,1600,0,3400,0,5,Female,45-54,6,All
Zimbabwe,ZW,ZWE,716,2022,inc,num,45-54,m,all,2500,0,5400,1,5,Male,45-54,6,All
Zimbabwe,ZW,ZWE,716,2022,inc,num,55-64,f,all,1100,0,2300,0,6,Female,55-64,6,All
Zimbabwe,ZW,ZWE,716,2022,inc,num,55-64,m,all,1400,0,3000,1,6,Male,55-64,6,All
Zimbabwe,ZW,ZWE,716,2022,inc,num,65plus,f,all,1400,0,3100,0,7,Female,65+,6,All
Zimbabwe,ZW,ZWE,716,2022,inc,num,65plus,m,all,1700,0,3800,1,7,Male,65+,6,All
Zimbabwe,ZW,ZWE,716,2022,inc,num,all,a,all,33000,22000,45000,2,8,All,All,6,All
Zimbabwe,ZW,ZWE,716,2022,inc,num,all,a,hiv,20000,11000,31000,2,8,All,All,1,HIV
Zimbabwe,ZW,ZWE,716,2022,inc,num,all,f,all,14000,7400,21000,0,8,Female,All,6,All
Zimbabwe,ZW,ZWE,716,2022,inc,num,all,m,all,19000,10000,28000,1,8,Male,All,6,All
